1	tübingen
2	tübingen attractions
3	food and drinks
4	university library opening hours
5	botanical garden plants in tübingen
6	best student housing near university campus
7	public transport from station to old town
8	activities and museums for rainy days in tübingen
9	affordable restaurants serving vegetarian food near the neckar river
10	history of hölderlinturm and famous poets connected with the city
11	tbuingen
12	ncekar restaurants
13	msueum opening hours
14	student huosing near university
15	botanical gadren opening hours today
16	how to reach hohentubign csatle museum
17	best vgeetarian restaurants in tbuingen city center
18	bus cnonection from main sattion to university clinic
19	family atcivities near ncekar river during rainy wekeend weather
20	where can sutdents find afofrdable rooms close to cmapus libraries
21	tbuingen
22	ncekar msueum
23	csatle oepning huors
24	uinversity lbirary ctaalog saerch
25	botaincal gadren vsiitor ifnormation tdoay
26	sutdent huosing afofrdable romos cmapus tbuingen
27	pbulic tarnsport cnetral sattion cilnic cmapus tbuingen
28	fmaily atcivities cihldren riany wekeend msueum tbuingen eevnts
29	vgeetarian rsetaurant lcoal fodo dirnks ncekar rvier tbuingen cneter
30	hsitory hloderlin twoer fmaous pooets ciity wakling tuorism odltown tbuingen
